﻿<?xml version="1.0" encoding="utf-8"?>
<key id="36b06013-2e8e-428a-8d1f-f156d833d594" version="1">
  <creationDate>2024-12-13T09:42:05.9235026Z</creationDate>
  <activationDate>2024-12-13T09:42:05.8803431Z</activationDate>
  <expirationDate>2025-03-13T09:42:05.8803431Z</expirationDate>
  <descriptor deserializerType="Microsoft.AspNetCore.DataProtection.AuthenticatedEncryption.ConfigurationModel.AuthenticatedEncryptorDescriptorDeserializer, Microsoft.AspNetCore.DataProtection, Version=8.0.0.0, Culture=neutral, PublicKeyToken=adb9793829ddae60">
    <descriptor>
      <encryption algorithm="AES_256_CBC" />
      <validation algorithm="HMACSHA256" />
      <masterKey p4:requiresEncryption="true" xmlns:p4="http://schemas.asp.net/2015/03/dataProtection">
        <!-- Warning: the key below is in an unencrypted form. -->
        <value>yM7vAVW2gGoxHfJITWrh1M1Ljs3A3tqa/kpP5rj9nWR6sjMy+K4YcHhqNLAwGMC+kE1k0lhZqRVqgWJUXeU1Uw==</value>
      </masterKey>
    </descriptor>
  </descriptor>
</key>