{
  "hash": "2b20198f",
  "configHash": "0b74bf05",
  "lockfileHash": "78a1f500",
  "browserHash": "0a76f402",
  "optimized": {
    "@angular/common": {
      "src": "../../../../../node_modules/@angular/common/fesm2022/common.mjs",
      "file": "@angular_common.js",
      "fileHash": "74bba996",
      "needsInterop": false
    },
    "@angular/common/http": {
      "src": "../../../../../node_modules/@angular/common/fesm2022/http.mjs",
      "file": "@angular_common_http.js",
      "fileHash": "bdda2448",
      "needsInterop": false
    },
    "@angular/core": {
      "src": "../../../../../node_modules/@angular/core/fesm2022/core.mjs",
      "file": "@angular_core.js",
      "fileHash": "2c0769e2",
      "needsInterop": false
    },
    "@angular/forms": {
      "src": "../../../../../node_modules/@angular/forms/fesm2022/forms.mjs",
      "file": "@angular_forms.js",
      "fileHash": "7c943f68",
      "needsInterop": false
    },
    "@angular/platform-browser": {
      "src": "../../../../../node_modules/@angular/platform-browser/fesm2022/platform-browser.mjs",
      "file": "@angular_platform-browser.js",
      "fileHash": "14e9a22c",
      "needsInterop": false
    },
    "@angular/platform-browser/animations": {
      "src": "../../../../../node_modules/@angular/platform-browser/fesm2022/animations.mjs",
      "file": "@angular_platform-browser_animations.js",
      "fileHash": "311575bb",
      "needsInterop": false
    },
    "@angular/router": {
      "src": "../../../../../node_modules/@angular/router/fesm2022/router.mjs",
      "file": "@angular_router.js",
      "fileHash": "6a30719c",
      "needsInterop": false
    },
    "jwt-decode": {
      "src": "../../../../../node_modules/jwt-decode/build/esm/index.js",
      "file": "jwt-decode.js",
      "fileHash": "10bba933",
      "needsInterop": false
    },
    "ngx-toastr": {
      "src": "../../../../../node_modules/ngx-toastr/fesm2022/ngx-toastr.mjs",
      "file": "ngx-toastr.js",
      "fileHash": "3e597d9c",
      "needsInterop": false
    },
    "rxjs": {
      "src": "../../../../../node_modules/rxjs/dist/esm5/index.js",
      "file": "rxjs.js",
      "fileHash": "e52fa63d",
      "needsInterop": false
    },
    "sweetalert2": {
      "src": "../../../../../node_modules/sweetalert2/dist/sweetalert2.esm.all.js",
      "file": "sweetalert2.js",
      "fileHash": "f4bbc1d1",
      "needsInterop": false
    }
  },
  "chunks": {
    "chunk-QDIHCEFI": {
      "file": "chunk-QDIHCEFI.js"
    },
    "chunk-SNCHY3D2": {
      "file": "chunk-SNCHY3D2.js"
    },
    "chunk-5ATGVDYH": {
      "file": "chunk-5ATGVDYH.js"
    },
    "chunk-FMYEGUMS": {
      "file": "chunk-FMYEGUMS.js"
    },
    "chunk-4VABS6PX": {
      "file": "chunk-4VABS6PX.js"
    },
    "chunk-CO2UG7VT": {
      "file": "chunk-CO2UG7VT.js"
    },
    "chunk-J4B6MK7R": {
      "file": "chunk-J4B6MK7R.js"
    }
  }
}