{
  "hash": "c2ddbf96",
  "configHash": "443c3e77",
  "lockfileHash": "849f5e96",
  "browserHash": "a457ec28",
  "optimized": {
    "@angular/core": {
      "src": "../../../../../node_modules/@angular/core/fesm2022/core.mjs",
      "file": "@angular_core.js",
      "fileHash": "defd2117",
      "needsInterop": false
    },
    "@angular/platform-browser": {
      "src": "../../../../../node_modules/@angular/platform-browser/fesm2022/platform-browser.mjs",
      "file": "@angular_platform-browser.js",
      "fileHash": "c0083b2d",
      "needsInterop": false
    },
    "@angular/router": {
      "src": "../../../../../node_modules/@angular/router/fesm2022/router.mjs",
      "file": "@angular_router.js",
      "fileHash": "fbded16b",
      "needsInterop": false
    },
    "@angular/forms": {
      "src": "../../../../../node_modules/@angular/forms/fesm2022/forms.mjs",
      "file": "@angular_forms.js",
      "fileHash": "5a15074e",
      "needsInterop": false
    },
    "@angular/common/http": {
      "src": "../../../../../node_modules/@angular/common/fesm2022/http.mjs",
      "file": "@angular_common_http.js",
      "fileHash": "35563208",
      "needsInterop": false
    }
  },
  "chunks": {
    "chunk-NVTZZAUP": {
      "file": "chunk-NVTZZAUP.js"
    },
    "chunk-JG776R5N": {
      "file": "chunk-JG776R5N.js"
    },
    "chunk-VBIXTFQ5": {
      "file": "chunk-VBIXTFQ5.js"
    },
    "chunk-FLSG4Q2H": {
      "file": "chunk-FLSG4Q2H.js"
    }
  }
}