{
  "hash": "5e876801",
  "configHash": "4696f306",
  "lockfileHash": "9fc99baf",
  "browserHash": "9542c495",
  "optimized": {
    "@angular/common": {
      "src": "../../../../../node_modules/@angular/common/fesm2022/common.mjs",
      "file": "@angular_common.js",
      "fileHash": "6c2db6a3",
      "needsInterop": false
    },
    "@angular/common/http": {
      "src": "../../../../../node_modules/@angular/common/fesm2022/http.mjs",
      "file": "@angular_common_http.js",
      "fileHash": "f92eaeaa",
      "needsInterop": false
    },
    "@angular/core": {
      "src": "../../../../../node_modules/@angular/core/fesm2022/core.mjs",
      "file": "@angular_core.js",
      "fileHash": "7a433552",
      "needsInterop": false
    },
    "@angular/forms": {
      "src": "../../../../../node_modules/@angular/forms/fesm2022/forms.mjs",
      "file": "@angular_forms.js",
      "fileHash": "a4a1463a",
      "needsInterop": false
    },
    "@angular/platform-browser": {
      "src": "../../../../../node_modules/@angular/platform-browser/fesm2022/platform-browser.mjs",
      "file": "@angular_platform-browser.js",
      "fileHash": "e26b90ee",
      "needsInterop": false
    },
    "@angular/platform-browser/animations": {
      "src": "../../../../../node_modules/@angular/platform-browser/fesm2022/animations.mjs",
      "file": "@angular_platform-browser_animations.js",
      "fileHash": "cd155918",
      "needsInterop": false
    },
    "@angular/router": {
      "src": "../../../../../node_modules/@angular/router/fesm2022/router.mjs",
      "file": "@angular_router.js",
      "fileHash": "e85e69b8",
      "needsInterop": false
    },
    "@microsoft/signalr": {
      "src": "../../../../../node_modules/@microsoft/signalr/dist/esm/index.js",
      "file": "@microsoft_signalr.js",
      "fileHash": "60a8d2af",
      "needsInterop": false
    },
    "jwt-decode": {
      "src": "../../../../../node_modules/jwt-decode/build/esm/index.js",
      "file": "jwt-decode.js",
      "fileHash": "ae5a67d0",
      "needsInterop": false
    },
    "ngx-toastr": {
      "src": "../../../../../node_modules/ngx-toastr/fesm2022/ngx-toastr.mjs",
      "file": "ngx-toastr.js",
      "fileHash": "deba53d1",
      "needsInterop": false
    }
  },
  "chunks": {
    "chunk-TAXPK6V7": {
      "file": "chunk-TAXPK6V7.js"
    },
    "chunk-2ZBBNRLD": {
      "file": "chunk-2ZBBNRLD.js"
    },
    "chunk-4IYU7YAJ": {
      "file": "chunk-4IYU7YAJ.js"
    },
    "chunk-UDS3ZRIK": {
      "file": "chunk-UDS3ZRIK.js"
    },
    "chunk-CPJ37IY3": {
      "file": "chunk-CPJ37IY3.js"
    },
    "chunk-7G5TR5RR": {
      "file": "chunk-7G5TR5RR.js"
    }
  }
}