{
  "hash": "5f90cdd4",
  "configHash": "546315d4",
  "lockfileHash": "884df538",
  "browserHash": "0d275a79",
  "optimized": {
    "@angular/common": {
      "src": "../../../../../../node_modules/@angular/common/fesm2022/common.mjs",
      "file": "@angular_common.js",
      "fileHash": "0415c11d",
      "needsInterop": false
    },
    "@angular/common/http": {
      "src": "../../../../../../node_modules/@angular/common/fesm2022/http.mjs",
      "file": "@angular_common_http.js",
      "fileHash": "e3aca806",
      "needsInterop": false
    },
    "@angular/core": {
      "src": "../../../../../../node_modules/@angular/core/fesm2022/core.mjs",
      "file": "@angular_core.js",
      "fileHash": "bf8c950d",
      "needsInterop": false
    },
    "@angular/forms": {
      "src": "../../../../../../node_modules/@angular/forms/fesm2022/forms.mjs",
      "file": "@angular_forms.js",
      "fileHash": "bead08fe",
      "needsInterop": false
    },
    "@angular/platform-browser": {
      "src": "../../../../../../node_modules/@angular/platform-browser/fesm2022/platform-browser.mjs",
      "file": "@angular_platform-browser.js",
      "fileHash": "b341e191",
      "needsInterop": false
    },
    "@angular/platform-browser/animations": {
      "src": "../../../../../../node_modules/@angular/platform-browser/fesm2022/animations.mjs",
      "file": "@angular_platform-browser_animations.js",
      "fileHash": "6da072cd",
      "needsInterop": false
    },
    "@angular/router": {
      "src": "../../../../../../node_modules/@angular/router/fesm2022/router.mjs",
      "file": "@angular_router.js",
      "fileHash": "f6b79b9f",
      "needsInterop": false
    },
    "@fireflysemantics/angular-stripe-service": {
      "src": "../../../../../../node_modules/@fireflysemantics/angular-stripe-service/fesm2020/fireflysemantics-angular-stripe-service.mjs",
      "file": "@fireflysemantics_angular-stripe-service.js",
      "fileHash": "40d3d4bf",
      "needsInterop": false
    },
    "jwt-decode": {
      "src": "../../../../../../node_modules/jwt-decode/build/esm/index.js",
      "file": "jwt-decode.js",
      "fileHash": "e013d6a9",
      "needsInterop": false
    },
    "ngx-toastr": {
      "src": "../../../../../../node_modules/ngx-toastr/fesm2022/ngx-toastr.mjs",
      "file": "ngx-toastr.js",
      "fileHash": "87de592b",
      "needsInterop": false
    },
    "sweetalert2": {
      "src": "../../../../../../node_modules/sweetalert2/dist/sweetalert2.esm.all.js",
      "file": "sweetalert2.js",
      "fileHash": "f8e0a71b",
      "needsInterop": false
    }
  },
  "chunks": {
    "chunk-OZFUNQ2D": {
      "file": "chunk-OZFUNQ2D.js"
    },
    "chunk-R7KR22SP": {
      "file": "chunk-R7KR22SP.js"
    },
    "chunk-ARDJP275": {
      "file": "chunk-ARDJP275.js"
    },
    "chunk-A43XT64C": {
      "file": "chunk-A43XT64C.js"
    },
    "chunk-CBDWDBEY": {
      "file": "chunk-CBDWDBEY.js"
    },
    "chunk-WDMUDEB6": {
      "file": "chunk-WDMUDEB6.js"
    }
  }
}