{
  "hash": "717d3311",
  "configHash": "69411541",
  "lockfileHash": "69143bad",
  "browserHash": "4b05dc58",
  "optimized": {
    "@angular/common": {
      "src": "../../../../../../node_modules/@angular/common/fesm2022/common.mjs",
      "file": "@angular_common.js",
      "fileHash": "c523e567",
      "needsInterop": false
    },
    "@angular/common/http": {
      "src": "../../../../../../node_modules/@angular/common/fesm2022/http.mjs",
      "file": "@angular_common_http.js",
      "fileHash": "793cdf45",
      "needsInterop": false
    },
    "@angular/core": {
      "src": "../../../../../../node_modules/@angular/core/fesm2022/core.mjs",
      "file": "@angular_core.js",
      "fileHash": "00ded0aa",
      "needsInterop": false
    },
    "@angular/forms": {
      "src": "../../../../../../node_modules/@angular/forms/fesm2022/forms.mjs",
      "file": "@angular_forms.js",
      "fileHash": "093ddd05",
      "needsInterop": false
    },
    "@angular/platform-browser": {
      "src": "../../../../../../node_modules/@angular/platform-browser/fesm2022/platform-browser.mjs",
      "file": "@angular_platform-browser.js",
      "fileHash": "cf6ff500",
      "needsInterop": false
    },
    "@angular/platform-browser/animations": {
      "src": "../../../../../../node_modules/@angular/platform-browser/fesm2022/animations.mjs",
      "file": "@angular_platform-browser_animations.js",
      "fileHash": "30b4bddb",
      "needsInterop": false
    },
    "@angular/router": {
      "src": "../../../../../../node_modules/@angular/router/fesm2022/router.mjs",
      "file": "@angular_router.js",
      "fileHash": "30f40f1e",
      "needsInterop": false
    },
    "@fireflysemantics/angular-stripe-service": {
      "src": "../../../../../../node_modules/@fireflysemantics/angular-stripe-service/fesm2020/fireflysemantics-angular-stripe-service.mjs",
      "file": "@fireflysemantics_angular-stripe-service.js",
      "fileHash": "2fc811be",
      "needsInterop": false
    },
    "firebase/app": {
      "src": "../../../../../../node_modules/firebase/app/dist/esm/index.esm.js",
      "file": "firebase_app.js",
      "fileHash": "b3d7698f",
      "needsInterop": false
    },
    "firebase/database": {
      "src": "../../../../../../node_modules/firebase/database/dist/esm/index.esm.js",
      "file": "firebase_database.js",
      "fileHash": "b77b8194",
      "needsInterop": false
    },
    "jwt-decode": {
      "src": "../../../../../../node_modules/jwt-decode/build/esm/index.js",
      "file": "jwt-decode.js",
      "fileHash": "2d3b911e",
      "needsInterop": false
    },
    "ngx-toastr": {
      "src": "../../../../../../node_modules/ngx-toastr/fesm2022/ngx-toastr.mjs",
      "file": "ngx-toastr.js",
      "fileHash": "8eef6317",
      "needsInterop": false
    },
    "sweetalert2": {
      "src": "../../../../../../node_modules/sweetalert2/dist/sweetalert2.esm.all.js",
      "file": "sweetalert2.js",
      "fileHash": "c3cfff20",
      "needsInterop": false
    }
  },
  "chunks": {
    "chunk-HFET4R3B": {
      "file": "chunk-HFET4R3B.js"
    },
    "chunk-KAHITHYX": {
      "file": "chunk-KAHITHYX.js"
    },
    "chunk-XLKC4FJT": {
      "file": "chunk-XLKC4FJT.js"
    },
    "chunk-WGW6J3BH": {
      "file": "chunk-WGW6J3BH.js"
    },
    "chunk-B2XPW676": {
      "file": "chunk-B2XPW676.js"
    },
    "chunk-OSWT6VW4": {
      "file": "chunk-OSWT6VW4.js"
    },
    "chunk-WDMUDEB6": {
      "file": "chunk-WDMUDEB6.js"
    }
  }
}