﻿<?xml version="1.0" encoding="utf-8"?>
<key id="892db361-266e-4aba-a3ac-7d575026ffaf" version="1">
  <creationDate>2024-11-30T09:51:24.696838Z</creationDate>
  <activationDate>2024-11-30T09:51:24.659918Z</activationDate>
  <expirationDate>2025-02-28T09:51:24.659918Z</expirationDate>
  <descriptor deserializerType="Microsoft.AspNetCore.DataProtection.AuthenticatedEncryption.ConfigurationModel.AuthenticatedEncryptorDescriptorDeserializer, Microsoft.AspNetCore.DataProtection, Version=8.0.0.0, Culture=neutral, PublicKeyToken=adb9793829ddae60">
    <descriptor>
      <encryption algorithm="AES_256_CBC" />
      <validation algorithm="HMACSHA256" />
      <masterKey p4:requiresEncryption="true" xmlns:p4="http://schemas.asp.net/2015/03/dataProtection">
        <!-- Warning: the key below is in an unencrypted form. -->
        <value>El34Hcdpyti6juIgkJcOP09UpuUhdZPmTIh0nivsbKIrF6h0yBJIBkX7qnLS8szj8x8WI5GxhC1WnR/zvA85zQ==</value>
      </masterKey>
    </descriptor>
  </descriptor>
</key>